<?xml version="1.0" encoding="UTF-8"?>
<application xmlns="http://xmlns.jcp.org/xml/ns/javaee"
             xmlns:xsi="http://www.w3.org/2001/XMLSchema-instance"
             xsi:schemaLocation="http://xmlns.jcp.org/xml/ns/javaee http://xmlns.jcp.org/xml/ns/javaee/application_8.xsd"
             version="8">

    <module id="newprimefaces-Web">
        <web>
            <web-uri>web.war</web-uri>
            <context-root>newprimefacesWeb</context-root>
        </web>
    </module>
    <module id="newprimefaces-EJB">
        <ejb>ejb.jar</ejb>
    </module>
</application>
